agent_8,cvs16r106-72,204
agent_13,cvs16r106-72,204
agent_5,cvs16r106-72,405
agent_7,cvs16r106-72,301
agent_19,cvs16r106-72,200
agent_3,cvs16r106-72,404
agent_11,cvs16r106-72,104
agent_15,cvs16r106-72,304
agent_16,cvs16r106-72,99
agent_1,cvs16r106-72,602
agent_10,cvs16r106-72,305
agent_12,cvs16r106-72,202
agent_4,cvs16r106-72,300
agent_20,cvs16r106-72,203
agent_14,cvs16r106-72,203
agent_9,cvs16r106-72,305
agent_6,cvs16r106-72,300
agent_18,cvs16r106-72,200
agent_17,cvs16r106-72,303
agent_2,cvs16r106-72,304
