agent_16,neos-953928,266
agent_10,neos-953928,262
agent_1,neos-953928,368
agent_19,neos-953928,168
agent_5,neos-953928,466
agent_2,neos-953928,167
agent_6,neos-953928,268
agent_17,neos-953928,269
agent_9,neos-953928,169
agent_3,neos-953928,366
agent_15,neos-953928,366
agent_12,neos-953928,267
agent_18,neos-953928,464
agent_8,neos-953928,268
agent_11,neos-953928,168
agent_4,neos-953928,169
agent_7,neos-953928,65
agent_20,neos-953928,268
agent_13,neos-953928,68
agent_14,neos-953928,163
