agent_12,ab69-40-100,200
agent_7,ab69-40-100,202
agent_6,ab69-40-100,402
agent_1,ab69-40-100,295
agent_20,ab69-40-100,199
agent_8,ab69-40-100,201
agent_16,ab69-40-100,401
agent_11,ab69-40-100,402
agent_9,ab69-40-100,301
agent_15,ab69-40-100,199
agent_14,ab69-40-100,399
agent_19,ab69-40-100,99
agent_2,ab69-40-100,600
agent_5,ab69-40-100,499
agent_10,ab69-40-100,399
agent_17,ab69-40-100,399
agent_4,ab69-40-100,400
agent_18,ab69-40-100,498
agent_3,ab69-40-100,499
agent_13,ab69-40-100,99
